,train_loss,train_accuracy,validation_loss,validation accuracy
0,26.613975764536846,49.108623020224954,24.545638970440894,74.6793349168646
1,24.10131375189462,80.0811038282027,23.847574266623365,82.67616785431512
2,23.350698734487334,89.30347624269938,23.158287665600863,91.26682501979414
3,22.996809845017395,93.4683363513479,22.96272818992378,93.61836896278702
4,22.856470526699532,94.97054247749242,22.854259455030366,94.75059382422802
5,22.739148747137936,96.22280598842103,22.79017716589572,95.49485352335708
